No ,Questions,aeyeconsult
1,How should I manage a patient with blunt trauma from a baseball impacting the right eye,
2,How should I manage a patient with a chemical burn from a splash of bleach into the left eye,
3,How should I manage a patient with  a foreign body (metal shard) embedded in the cornea after grinding metal without eye protection,
4,How should I manage a patient with penetrating injury from a broken glass shard piercing the right cornea,
5,How should I manage a patient with a thermal burn from exposure to a welding arc without proper eye protection,
6,How should I manage a patient with a blowout fracture of the orbital floor from a punch to the face,
7,How should I manage a patient with a laceration of the upper eyelid from a kitchen knife accident,
8,How should I manage a patient with a retinal detachment after a bungee cord snapped back,
9,How should I manage a patient with a UV light exposure during a tanning session without eye protection,
10,How should I manage a patient with an eye injury after airbag deployment injury during a car crash,
11,How should I manage a patient with a sharp trauma from a tree branch whipping into the right eye during hiking,
12,How should I manage a patient with chemical splash from sulfuric acid during a laboratory experiment,
13, How should I manage a patient with  an explosion injury from fireworks resulting in blurred vision,
14, How should I manage a patient with a wood splinter lodged in the cornea after chopping wood without eye protection,
15, How should I manage a patient with a hyphema after a basketball hit the eye,
16, How should I manage a patient with a corneal ulcer following trauma from a scratched contact lens,
17, How should I manage a patient with a thermal injury from a hot liquid splash into the eye,
18,How should I manage a patient with superficial punctate keratitis due to overexposure to strong wind and dust,
19, How should I manage a patient with eye trauma from a fishing hook embedding in the lower eyelid,
20,How should I manage a patient with blunt force trauma from a fall onto a sharp corner,
21, How should I manage a patient with a corneal abrasion from a pet cat scratching the eye,
22,How should I manage a patient with an orbital fracture after being struck by a golf ball,
23,How should I manage a patient with a chemical injury from chlorine exposure in a swimming pool,
24, How should I manage a patient with a thermal injury from a curling iron,
25,How should I manage a patient with a laceration of the sclera after a piece of glass from a broken window entered the eye,
26, How should I manage a patient with chemical exposure from pepper spray,
27,How should I manage a patient with a metallic foreign body embedded in the retina after a nail gun accident,
28,How should I manage a patient with a hyphema resulting from a fall off a bicycle,
29,How should I manage a patient with a thermal burn to the cornea from hot steam exposure,
30, How should I manage a patient with traumatic iritis after being struck by a tennis ball,
31, How should I manage a patient with photokeratitis from excessive sun exposure ,
32, How should I manage a patient with retinal hemorrhage following a severe head injury from a fall,
33, How should I manage a patient with eyelid avulsion after a dog bite to the face,
34, How should I manage a patient with orbital cellulitis after trauma to the eye from a car accident,
35,How should I manage a patient with a retinal tear after a sudden jolt during a car accident,
36, How should I manage a patient with a blowout fracture with enophthalmos following a soccer ball strike,
37,How should I manage a patient with a superficial corneal foreign body from a piece of sand after a windy day at the beach,
38,How should I manage a patient with a traumatic optic neuropathy after a direct blow to the eye during a boxing match,
39, How should I manage a patient with a lid laceration after an accidental hit by a hockey stick,
40,How should I manage a patient with a penetrating eye injury from a nail during home renovation,
41, How should I manage a patient with a chemical injury from ammonia exposure during a cleaning accident,
42, How should I manage a patient with solar retinopathy from staring directly at the sun without protection,
43,How should I manage a patient with an intraocular foreign body from a metal shard after using a hammer,
44,How should I manage a patient with a thermal burn from fireworks,
45,How should I manage a patient with  a subconjunctival hemorrhage after heavy lifting causing a sudden rise in blood pressure,
46,How should I manage a patient with a corneal foreign body from sawdust exposure during woodworking,
47, How should I manage a patient with eye trauma from a flying champagne cork striking the eye,
48,How should I manage a patient with photokeratitis from UV light exposure during a skiing trip,
49, How should I manage a patient with a chemical burn from oven cleaner splash,
50, How should I manage a patient with a blowout fracture after being struck by a baseball,
51, How should I manage a patient with superficial laceration to the cornea from a paper cut,
52, How should I manage a patient with a retinal detachment after a fall from a ladder,
53,How should I manage a patient with blunt trauma from a car crash,
54, How should I manage a patient with lid ecchymosis following a fall that struck the cheekbone,
55,How should I manage a patient with a chemical burn from gasoline exposure,
56,How should I manage a patient with a laceration of the conjunctiva after an accident with sharp scissors,
57,How should I manage a patient with blunt trauma to the eye from a fall onto a metal rod,
58,How should I manage a patient with traumatic mydriasis following a punch to the eye,
59, How should I manage a patient with a foreign body in the eye from a piece of wood chip after a woodworking mishap,
60, How should I manage a patient with a severe corneal ulcer following prolonged contact lens wear after a minor trauma,
61, How should I manage a patient with blunt trauma from a basketball,
62, How should I manage a patient with chemical exposure from insecticide spray,
63,How should I manage a patient with a corneal laceration after a fall onto sharp glass,
64,How should I manage a patient with a retinal detachment following a sudden deceleration injury in a car accident,
65,How should I manage a patient with a corneal burn from exposure to hot grease during cooking,
66,How should I manage a patient with blunt trauma to the eye from a fall,
67,How should I manage a patient with a blowout fracture from a punch during a physical altercation,
68,How should I manage a patient with a corneal abrasion from sand blowing into the eye during a storm,
69,How should I manage a patient with penetrating trauma from a sharp stick while hiking in dense woods,
70,How should I manage a patient with blunt trauma from a baseball bat,
71,How should I manage a patient with a chemical injury from a spill of caustic soda,
72,How should I manage a patient with a traumatic cataract following a direct blow to the eye with a soccer ball,
73,How should I manage a patient with a thermal injury from a bonfire,
74,How should I manage a patient with a hyphema after a fall down the stairs,
75,How should I manage a patient with a blowout fracture with restricted eye movement after being struck by a fist,
76,How should I manage a patient with a corneal abrasion from rubbing the eye after handling fiberglass,
77,How should I manage a patient with a penetrating injury from a pencil accidentally thrust into the eye,
78,How should I manage a patient with a chemical burn from lime exposure,
79,How should I manage a patient with a foreign body (insect) stuck under the eyelid after a camping trip,
80,How should I manage a patient with blunt trauma from a car accident,
81,How should I manage a patient with a blowout fracture after a fall,
82,How should I manage a patient with a penetrating trauma from a metal wire,
83,How should I manage a patient with a chemical injury from paint thinner exposure,
84,How should I manage a patient with a traumatic hyphema after a fall from a bicycle,
85,How should I manage a patient with a blowout fracture following an impact with a surfboard,
86,How should I manage a patient with a corneal abrasion from a toddler accidentally poking a parent’s eye,
87,How should I manage a patient with photokeratitis from UV exposure during high-altitude mountaineering,
88,How should I manage a patient with a foreign body in the eye from a piece of metal after drilling without eye protection,
89,How should I manage a patient with a lid laceration from a fingernail scratch during a sports game,
90,How should I manage a patient with a chemical injury from battery acid exposure,
91,How should I manage a patient with an orbital fracture after a fall onto a hard surface,
92,How should I manage a patient with a thermal injury from a hot glue gun,
93,How should I manage a patient with traumatic iritis after a fall,
94,How should I manage a patient with a chemical injury from exposure to a strong alkaline solution,
95,How should I manage a patient with blunt trauma from a boxing match,
96,How should I manage a patient with a foreign body in the eye from a small piece of plastic after an industrial accident,
97,How should I manage a patient with a blowout fracture following a motor vehicle accident,
98,How should I manage a patient with a penetrating injury from a thrown dart,
99,How should I manage a patient with blunt trauma from a fall onto a sharp corner,
100,What are the treatment and management plans for open globe injuries ,
101,What are the management plans for patients presenting with facial fractures,
102,What are the types of surgeries involved in open globe injuries ,
103,How should I manage a patient with a trauamatic open globe from traffic accident,
104,What is the risk of infection associated with open globe,
105,How should I manage a patient with a globe rupture from penetrating foreign body,
106,How should I manage a patient with orital fracture from domestic abuse,
107,How should I manage a patient with an orital fracture from traffic/ car accident,
108,How should I manage a patient with an eyelid lacteration from falling off bike/ scooter,
109,What is the management plan for traumatic maculopathy,
110,How should I manage a patient with an eyelid contusion from blunt trauma,
111,How should I manage a patient with an oribtal hematoma from blunt trauma,
112,How should I manage a patient with damage to the optic nerve due to blunt trauma,
113,How should I manage a patient with a scleral Laceration from sharp foreign body,
114,How should I manage a patient with a conjunctival Laceration,
115,How should I manage a patient with limbal Conjunctival Injury,
116,How should I manage a patient with Traumatic Mydriasis,
117,How should I manage a patient with a Lens dislocation,
118,How should I manage a patient with an Intraocular foreign body ,
119,How should I manage a patient with Iris Prolapse post trauma,
120,How should I manage a patient with Choroidal Rupture from blunt trauma,
121,What are signs of vitreous hemorrhage ,
122,What are signs of retinal tear ,
123,What are signs and symptoms of Sympathetic Ophthalmia,
124,What are preventative measures of Sympathetic Ophthalmia,
125,"What are signs, symptoms and treatment of Traumatic Corneal Edema",
126,What are signs of Ciliary Body Injury,
127,"What are signs, symptoms and treatment of  Canalicular Laceration",
128,"What are signs, symptoms and treatment of  Traumatic Endophthalmitis",
129,"What are signs, symptoms and treatment of  Orbital Emphysema",
130,"What are signs, symptoms and treatment of  Traumatic Ptosis",
131,What are signs of Anterior Chamber Hypopyon ,
132,What is the appropriate treatment for Cyclodialysis Cleft ,
133,What are orbital Cellulitis signs and treatment,
134,"What are signs, symptoms and treatment of Lacrimal Gland Injury",
135,What are commotio Retinae signs and treatment,
136,What are appropariate traumatic Anterior Uveitis treatment plans,
137,What are appropariate traumatic Glaucoma treatment plans,
138,What is the seidel sign,
139,What are appropriate traumatic Retinal Hemorrhage treatment plans,
140,"What are signs, symptoms and treatment of Tear Duct Obstruction ",
141,How should I manage a patient with eyeball subluxation,
142,What are corneal Infiltrates signs,
143,What is the treatment for pterygium trauma ,
144,How should I manage a patient with Orbital Apex Syndrome,
145,How should I manage a patient with a globe lacteration from spectacles,
146,How should I manage a patient with chemical and thermal treatment management of the eye,
147,How should I manage a patient with a globe laceration from animal bite,
148,How should I manage a patient with an open globe rupture from fan blade ,
149,How should I manage a patient with chemical trauma from hair dye,
150,How should I manage a patient with a Corneal lacteration from stone,
151,How should I manage a patient with Periorbital thermal burns,
152,How should I manage a patient with Chemical burns from pesticides,
153,How should I manage a patient with an open globe with penetrating injury with no light perception,
154,How should I manage a patient with traumatic optic neuropathy,
155,How should I manage a patient with features of intracranial injury,
156,How should I manage a patient with Iris Sphincter Rupture,
157,How should I manage a patient with features of non-orbital facial features,
158,How should I manage a patient with features of polytrauma,
159,What are signs of life threatening injuries associated with blunt/sharp trauma,
160,What are subtypes of vitreous injuries,
161,What are subtypes of retinal  injuries,
162,What are subtypes of conjunctival injuries,
163,What are subtypes of corneal injuries,
164,What are subtypes of chorodial involevement,
165,What are subtypes of scleral injuries,
166,What are subtypes of iris injuries,
167,What are subtypes of lens injuries,
168,What are complications associated with abnormal intraocular pressure,
169,What are subtypes of nasolacrimal injuries,
170,What are subtypes of open globe injury zones,
171,What are subtypes of orbital injuries,
172,What are preventive measures for traumatic induced cataract,